<?xml version="1.0" encoding="UTF-8"?>
<rss version="2.0" xmlns:atom="http://www.w3.org/2005/Atom">
  <channel>
    <title>Vespertine Singers</title>
    <description>Write an awesome description for your new site here. You can edit this line in _config.yml. It will appear in your document head meta (for Google search results) and in your feed.xml site description.
</description>
    <link>http://vespertinesingers.co.uk//</link>
    <atom:link href="http://vespertinesingers.co.uk//feed.xml" rel="self" type="application/rss+xml"/>
    <pubDate>Mon, 05 Oct 2015 18:16:42 +0100</pubDate>
    <lastBuildDate>Mon, 05 Oct 2015 18:16:42 +0100</lastBuildDate>
    <generator>Jekyll v2.5.3</generator>
    
      <item>
        <title>Spend New Year&#39;s Eve With Vespertine</title>
        <description>&lt;p&gt;Spend New Year’s Eve with Vespertine at Hedworth Hall. Join us as we see in the new year in style.&lt;/p&gt;

&lt;p&gt;Vespertine are back once again with more spectacular songs from the 50’s till now to help you see in 2016 .&lt;/p&gt;

&lt;p&gt;Tickets are on sale now from The Hedworth Hall by calling 0191 4563112, but you’ll need to be quick as tickets are selling fast.&lt;/p&gt;
</description>
        <pubDate>Thu, 31 Dec 2015 19:00:00 +0000</pubDate>
        <link>http://vespertinesingers.co.uk//performances/2015/12/31/Spend-New-Years-Eve-With-Vespertine.html</link>
        <guid isPermaLink="true">http://vespertinesingers.co.uk//performances/2015/12/31/Spend-New-Years-Eve-With-Vespertine.html</guid>
        
        
        <category>performances</category>
        
      </item>
    
      <item>
        <title>Tribute to Grease and Saturday Night Fever</title>
        <description>&lt;p&gt;Vespertine are back again with another fantastic party night at The Hedworth Hall. You’ll need to get your tickets fast as our Hedworth Hall party night usually sell out fast!&lt;/p&gt;

&lt;p&gt;Update: This event is now sold out!&lt;/p&gt;

&lt;p&gt;&lt;img class=&quot;center-block&quot; src=&quot;/img/grease.jpg&quot; /&gt;&lt;/p&gt;
</description>
        <pubDate>Fri, 11 Dec 2015 19:30:00 +0000</pubDate>
        <link>http://vespertinesingers.co.uk//performances/2015/12/11/Tribute-to-Grease-and-Saturday-Night-Fever.html</link>
        <guid isPermaLink="true">http://vespertinesingers.co.uk//performances/2015/12/11/Tribute-to-Grease-and-Saturday-Night-Fever.html</guid>
        
        
        <category>performances</category>
        
      </item>
    
      <item>
        <title>Songs From Jersey Boys</title>
        <description>&lt;p&gt;&lt;img class=&quot;center-block&quot; src=&quot;/img/jerseyboys.jpg&quot; /&gt;&lt;/p&gt;
</description>
        <pubDate>Fri, 04 Sep 2015 20:30:00 +0100</pubDate>
        <link>http://vespertinesingers.co.uk//performances/2015/09/04/Songs-From-Jersey-Boys.html</link>
        <guid isPermaLink="true">http://vespertinesingers.co.uk//performances/2015/09/04/Songs-From-Jersey-Boys.html</guid>
        
        
        <category>performances</category>
        
      </item>
    
      <item>
        <title>New Website Launched!</title>
        <description>&lt;p&gt;We are proud to announce that we have laucnhed our new website! We will be posting regular updates to our site, including audio and videos, as well as news of our upcoming performances.&lt;/p&gt;

&lt;!--more--&gt;

&lt;p&gt;You can also use the contact form to enquire about hiring us for your event. You can also use the social links at the bottom of every page to keep up to date with Vespertine.&lt;/p&gt;
</description>
        <pubDate>Tue, 03 Feb 2015 23:33:36 +0000</pubDate>
        <link>http://vespertinesingers.co.uk//news/2015/02/03/new-website.html</link>
        <guid isPermaLink="true">http://vespertinesingers.co.uk//news/2015/02/03/new-website.html</guid>
        
        
        <category>news</category>
        
      </item>
    
  </channel>
</rss>
